cmdCode,refYear,avg_weight,total_weight,volatility,total_value,country_diversity,unit_value,growth,log_weight,log_unit_value,UMAP1,UMAP2
1901,2018,753006.9327052631,71535658.607,4042040.3901925893,193485099.0,95,2.7047363897627434,0.0,18.08570661909913,1.3096121063551711,-1.7801783,10.347256
1901,2019,693709.5181904761,72839499.41,3635284.9645720623,202411475.0,105,2.778869660548608,0.01822644578087962,18.103768954068695,1.3294249333117347,-1.8209444,10.412557
1901,2020,764858.1031881187,77250668.42199999,3634282.0128166266,216517010.0,101,2.8027849392476707,0.06056012256715748,18.16256613936154,1.3357336770572368,-1.8945545,10.256836
1901,2021,795799.9514038461,82763194.946,3434376.9808585825,260773443.0,104,3.1508382822840773,0.07135894920528751,18.231494027133213,1.423310309575319,-1.8072426,10.354107
1901,2022,752971.4159906543,80567941.511,3320645.9286242807,250578919.0,107,3.1101566491652903,-0.02652451293636393,18.204611392763542,1.4134611419339562,-1.7887841,10.33696
1901,2023,705272.2405431034,81811579.903,3128943.801935251,248260326.0,116,3.0345377304086676,0.015435896321494003,18.219929367383358,1.394891730204365,-1.6794744,10.601438
1901,2024,716508.3681724138,83114970.708,3053730.301077067,270812041.0,116,3.2582823370222336,0.015931617584520108,18.2357354085558,1.4488658716995937,-1.612839,10.663279
1902,2018,1246811.3047482518,178294016.579,4356233.163344819,556002496.0,143,3.118458525239621,0.0,18.998944529712983,1.415478948992656,-1.2608163,11.090019
1902,2019,1460604.158188406,201563373.83,5210720.605208452,612041093.0,138,3.036469778066906,0.13051115061222274,19.121614405186808,1.3953704926619923,-1.2699219,11.30403
1902,2020,1832669.3155652175,252908365.548,6686967.487604008,792254567.0,138,3.1325755685595666,0.25473373828969903,19.348537793528727,1.4189008369486469,-1.5768998,15.961594
1902,2021,1927930.198,277621948.512,6736155.238331265,891149259.0,144,3.2099380606482466,0.09771753856560172,19.44177085231841,1.4374479351509653,-1.6126282,15.962495
1902,2022,2077042.4143541667,299094107.667,7326883.277007913,978361043.0,144,3.27108096722944,0.07734316133895969,19.516268826538923,1.4518669491203886,-1.5702555,16.073849
1902,2023,2227955.0628639455,327509394.241,7899901.0811656425,1181957331.0,147,3.6089264973274173,0.09500450141143024,19.607027300386875,1.5279949659712448,-1.4704965,16.18513
1902,2024,2616434.4906973685,397698042.586,9555037.371464023,1488085327.0,152,3.741746671227847,0.21431033606734107,19.80120359084472,1.5564055638686245,-1.8426484,17.049774
1904,2018,203562.85025974025,15674339.47,704399.3277777286,61527085.0,77,3.925338296886846,0.0,16.567535568318963,1.5943929619882387,-2.497179,8.5476885
1904,2019,204529.02942528733,17794025.56,818218.824234185,68865964.0,87,3.8701733774510854,0.1352328813636443,16.694373372423705,1.5831295375801129,-2.4084208,8.564125
1904,2020,268157.9111264368,23329738.268,1291312.5070142902,92505148.0,87,3.9651172652408104,0.311099514234934,16.965239468110045,1.6024369155950262,-2.1564052,8.805935
1904,2021,387524.2809506173,31389466.757,1788474.3618786896,133728499.0,81,4.260298527376979,0.3454701632917607,17.26198297286043,1.6601877793933353,-2.0928893,8.893898
1904,2022,409378.4916363636,36025307.264,2214936.762569604,147578741.0,88,4.096529695597377,0.1476877751026524,17.399732256759815,1.6285598562741994,-1.9936489,9.2543745
1904,2023,408750.07562857145,42918757.941,2571944.8575751465,174187138.0,105,4.05853166206369,0.1913502257311379,17.57481955967497,1.6210762558245477,-1.8743004,9.8001795
1904,2024,533640.327039604,53897673.031,3450188.4854461895,234792479.0,101,4.356263745652831,0.25580691559370416,17.80259788153436,1.6782666696435689,-1.8356513,10.159958
1905,2018,422271.5721083333,50672588.653,1483785.0207709356,255614858.0,120,5.044440491296307,0.0,17.740895684356097,1.799138922511985,-0.20876577,7.064779
1905,2019,418925.5922682927,51527847.849,1490568.1061876302,253104372.0,123,4.911991914385904,0.016878142971078924,17.75763297382853,1.7769828159835825,-0.17679948,7.0486484
1905,2020,462206.1224173228,58700177.547,1746012.6219143628,308955724.0,127,5.263284318903812,0.13919327116122115,17.88795332648024,1.834704699112564,-0.070176974,7.340376
1905,2021,497765.8450076336,65207325.696,1808629.5407090895,367085756.0,131,5.629517114555005,0.11085397729487045,17.993082393221588,1.8915319681448386,0.013012822,7.466546
1905,2022,474487.01024615386,61683311.332,1681493.2681604133,351822812.0,130,5.7036952848780675,-0.054043227910145264,17.93752398765813,1.90265890941379,0.14806773,7.2457128
1905,2023,502008.2480152672,65763080.49,1958760.3437999878,391353493.0,131,5.950960479406126,0.06614056654710598,18.00156916725544,1.9388798485038727,0.059916966,7.544809
1905,2024,521746.14687878784,68870491.388,2017235.659916435,431742193.0,132,6.268899557688077,0.047251601884320316,18.04773837702342,1.9836049125074675,0.11551686,7.559149
2101,2018,278724.99514150945,29544849.485,1036470.9128083668,187466984.0,106,6.34516632400416,0.0,17.20142002216356,1.9940424538901054,-0.58374155,6.246121
2101,2019,299239.95031858404,33814114.386,1047006.7781642135,200246066.0,113,5.921966895661228,0.14450115588395596,17.3363888882468,1.9346999627199521,-0.50847876,6.4340777
2101,2020,316031.38269369374,35079483.479,1058094.7781327697,216803218.0,111,6.180342368204509,0.03742132881421556,17.373127029778747,1.9713470655172491,-0.551581,6.397489
2101,2021,321414.5823240741,34712774.891,1062861.8057301152,238666657.0,108,6.875470421175472,-0.010453648447233399,17.362618358451815,2.063752918949854,-0.63474584,6.3035793
2101,2022,328883.38756603777,34861639.082,1133687.3194897077,246617476.0,106,7.074179025831524,0.004288455517239331,17.366897644625862,2.0886711953124397,-0.6986313,6.306625
2101,2023,317251.2316134454,37752896.562,1203079.8944687045,248580488.0,119,6.584408366964906,0.08293521349352817,17.446572787322943,2.0260946093581618,-0.43158245,6.6129355
2101,2024,385360.6598303571,43160393.901,1586836.8331626547,264489707.0,112,6.128065179541047,0.1432339722627507,17.580433848011143,1.964039834282291,-0.5055941,6.6278086
2103,2018,745959.410338983,88023210.42,2580322.1283712094,232581334.0,118,2.642272792485559,0.0,18.293111103798672,1.2926078803360972,-1.6034949,10.708746
2103,2019,791670.2482380952,99750451.278,2873844.8037101426,258501465.0,126,2.5914816593617758,0.13322896088479208,18.418182147839257,1.2785648358405142,-1.530485,10.857615
2103,2020,996852.5206229509,121616007.516,3750108.1740389494,321910022.0,122,2.646937920221122,0.21920257961602285,18.616379167811637,1.2938878895322603,-1.3924389,10.859915
2103,2021,1064738.1625403226,132027532.155,3836807.952337802,364431315.0,124,2.760267567314337,0.08560982103963766,18.698521043307498,1.324490116389713,-1.4622879,10.888593
2103,2022,1039302.0651451614,128873456.07800001,3445939.7817979767,361618005.0,124,2.805992917433127,-0.023889532929367463,18.674341527993068,1.3365769079770942,-1.5774949,10.792428
2103,2023,955244.412826087,131823728.97,3298412.0802350114,383930244.0,138,2.9124517034969526,0.02289278942138684,18.696976209122376,1.3641642116359485,-1.3238872,10.987834
2103,2024,1018945.5133582089,136538698.79,3446289.756295841,399759234.0,134,2.927809020758554,0.03576723141455829,18.732118647351577,1.3680817693404121,-1.346925,11.016283
2104,2018,82408.95677419355,5109355.32,263091.92043313384,18085320.0,62,3.5396481292274773,0.0,15.446583989470708,1.5128495044741763,-2.5762417,8.36323
2104,2019,82443.4306923077,5358822.995,308739.7755907049,18094169.0,65,3.3765192500068055,0.04882566573976299,15.494255105056514,1.476253716674183,-2.4380052,8.494889
2104,2020,113260.00180263158,8607760.137,557527.864875614,28838547.0,76,3.3502963071700482,0.6062781220860234,15.968174812044232,1.4702439593715788,-2.5092378,8.400276
2104,2021,132107.88024657537,9643875.258000001,618833.4908452565,34656329.0,73,3.5936102523980202,0.1203698876954431,16.081833687217888,1.5246662622695848,-2.6036842,8.414642
2104,2022,140267.58429411764,9538195.731999999,592775.6673369175,37581157.0,68,3.9400698052267713,-0.010958201259637534,16.07081500375466,1.5973794617127017,-2.557731,8.456341
2104,2023,118093.38431249998,9447470.745,574495.1996462104,34335104.0,80,3.634317049160269,-0.009511755634833863,16.06125772346302,1.5334888417017736,-2.626984,8.351203
2104,2024,118397.70692000001,8879828.019000001,513247.74051832006,30854146.0,75,3.4746332850116564,-0.0600840946028246,15.999292860165863,1.4984244008855114,-2.3779235,8.524303
2106,2018,1653362.0835338347,219897157.11,10427370.319885397,852178412.0,133,3.875349837168234,0.0,19.208670531885318,1.5841918633454863,-1.5673352,17.062561
2106,2019,1569939.4054626864,210371880.332,9886463.299760403,782098162.0,134,3.7176934520227802,-0.04331696190703893,19.164387386037376,1.5513200047378155,-1.6417748,16.92323
2106,2020,1508072.757592,188509094.699,8897650.618870048,598746683.0,125,3.1762217306068945,-0.10392446746445894,19.054656816733292,1.42940694558047,-1.4889058,16.627954
2106,2021,1508327.8731203007,200607607.125,8835533.052342884,738506663.0,133,3.6813492448460723,0.06417999325347234,19.11686135961737,1.5435863685598288,-1.5392395,16.568062
2106,2022,1381616.8842101449,190663130.021,8240859.237634006,744276499.0,138,3.9036204793135414,-0.04957178467217116,19.066018716907873,1.589973805613361,-1.5292795,16.31308
2106,2023,1335829.4861756756,197702763.954,7717102.426004118,863365553.0,148,4.3669877736300995,0.03692184184862923,19.1022752736475,1.6802668151280202,-1.5864321,16.195143
2106,2024,1319281.3018366012,201850039.181,7345895.080267194,918324853.0,153,4.54954012754255,0.02097732547616249,19.123035604326866,1.7137150644230286,-1.7391093,16.120726
3004,2018,112658.74543283583,15096271.888,434975.72483411065,790590112.0,134,52.369890915146165,0.0,16.529958442708686,3.9772467464079613,-8.038446,9.801395
3004,2019,121676.7883768116,16791396.796,495891.53415747517,803803224.0,138,47.8699439817557,0.11228765092310322,16.63637727728593,3.889162565010805,-8.01787,9.754835
3004,2020,192312.22544230768,30000707.169,742041.2410895507,940885324.0,156,31.362104856387983,0.7866713254103248,17.216731544981155,3.476988135080765,-7.8288693,10.057752
3004,2021,121340.70477931034,17594402.193,469158.6615295375,865413439.0,145,49.18686236149921,-0.41353375125835523,16.683091409037804,3.9157532865004754,-8.124977,9.556288
3004,2022,134485.49315231788,20307309.466,558890.4980943622,907530033.0,151,44.68982139260789,0.15419150041251983,16.82649150066167,3.8218755464541205,-8.015648,9.928185
3004,2023,122297.18762,18344578.143,524664.1330292866,842396969.0,150,45.920759934258804,-0.09665147055970902,16.724844674270972,3.848460220036442,-8.106617,9.712833
3004,2024,138222.68938926174,20595180.719,646976.667720879,870300050.0,149,42.257461193193905,0.12268489133170912,16.840567709265684,3.7671697316366393,-8.149028,9.864767
3005,2018,42606.331075,5112759.729,110458.79664089062,85625117.0,120,16.747338333602972,0.0,15.447250076370231,2.876235551640892,0.06840389,1.7356892
3005,2019,41721.754137096774,5173497.513,109200.70994804185,91213448.0,124,17.630905933709368,0.011879647630513634,15.459059712600794,2.924821811112872,0.18441348,2.1401577
3005,2020,39952.03309917355,4834196.005,104985.83950595511,103173587.0,121,21.342450097858343,-0.06558455032546184,15.391225593449068,3.1064884607634005,0.30797738,1.9127707
3005,2021,40843.752336065576,4982937.785,100088.97044608259,162213424.0,122,32.55377269374585,0.030768669670438786,15.421530392419871,3.5131493069837787,0.88414514,1.9735163
3005,2022,45090.454603305785,5455945.007,128512.5872679207,177761528.0,121,32.581253618190544,0.09492537182059158,15.512216582378755,3.513967983239356,0.9716775,1.9283172
3005,2023,39014.37213385827,4954825.261,100201.69844539436,149698562.0,127,30.212682408452302,-0.09184838655027894,15.415872661761158,3.4408244996721886,0.84910536,2.0214128
3005,2024,43795.680543307084,5562051.429,116626.05417176579,200034774.0,127,35.96420791023291,0.12255248894033599,15.531477740017129,3.60995009067811,0.9924345,2.1537218
3006,2018,8476.673684210527,1127397.6,28785.189822769753,121716829.0,133,107.96264689572874,0.0,13.93542341283356,4.6910051344678285,5.220075,-0.3594979
3006,2019,7897.88780882353,1074112.742,26705.590881493525,135428886.0,136,126.08442364039463,-0.04726359005908831,13.887006453471338,4.8448516186821085,5.522917,-0.23750314
3006,2020,6271.396394160583,859181.306,19503.61099547795,116524093.0,137,135.62223966714703,-0.2001013744607455,13.663736408949267,4.917219742575474,5.422901,-0.30973062
3006,2021,7905.94534532374,1098926.403,23877.02125540129,154954841.0,139,141.005658410647,0.2790390053016354,13.909845173879036,4.955866904769654,5.319051,-0.33569145
3006,2022,9217.818875,1253623.367,25895.77200335672,182886703.0,136,145.88648218763944,0.1407709957442893,14.041549407454696,4.989660058439487,5.395098,-0.30898315
3006,2023,11094.484052238806,1486660.863,30577.561112861396,196186642.0,134,131.9646241335594,0.18589115529784128,14.212043804156998,4.890083108883547,5.3343854,-0.45819712
3006,2024,9010.290583941607,1234409.81,21539.570628282418,210776665.0,137,170.75096397672766,-0.16967625857249724,14.026104337283735,5.146045543760522,5.6324587,-0.41880763
3303,2018,6048.643859649123,344772.7,12861.706195293107,10044398.0,57,29.13339136181857,0.0,12.750643538760418,3.4056339044522344,-0.54502994,-5.0174203
3303,2019,10866.571387096774,673727.426,34406.15978967582,12693645.0,62,18.840920690055388,0.9541205727715678,13.420582379913448,2.9877465065287727,-2.7860284,-2.742658
3303,2020,8954.542964285714,501454.406,21400.35972682535,9915204.0,56,19.772892373350142,-0.25570136133956345,13.125269961194109,3.0336488854555146,-0.8165394,-3.6720421
3303,2021,5380.852408163265,263661.768,13749.766004081206,11095675.0,49,42.08298792852636,-0.4742059001870651,12.482426171625965,3.763128207555441,0.18556401,-4.406154
3303,2022,12828.53046551724,744054.767,55358.202250347866,17705479.0,58,23.795935172035804,1.8220047701417221,13.519871266651355,3.210679735383755,-3.1689775,-2.6447604
3303,2023,8208.890578125,525368.997,22873.184720550566,30413854.0,64,57.890462082105145,-0.2939108513231258,13.17185804954021,4.075679143454905,1.6634326,-1.9217274
3303,2024,8266.64656097561,677865.018,24350.53709592623,39471057.0,82,58.228490852646075,0.2902645985408234,13.426704933825077,4.081402690522196,2.0126874,-0.679274
3304,2018,1369955.5342937063,195903641.404,7561946.878738837,4923472867.0,143,25.13211511391256,0.0,19.093133475922112,3.2631650220626542,-2.466598,16.225708
3304,2019,1288278.7566707316,211277716.09399998,8079811.987479399,5322258624.0,164,25.19081861729345,0.07847773823813187,19.168684020773608,3.2654089148961005,-2.536651,16.259129
3304,2020,1401473.5026036587,229841654.42700002,9035009.22926776,6112393750.0,164,26.593933833439795,0.08786510322149033,19.252901175128514,3.317595959922555,-2.6126401,16.416998
3304,2021,1449563.4723485715,253673607.661,9888817.307061397,7660629830.0,175,30.198765652583578,0.10368857330675563,19.351558993383918,3.4403785316156306,-2.4557233,16.562609
3304,2022,1201850.1560280898,213929327.773,6974476.193076257,6687418738.0,178,31.259943681475853,-0.15667487151880932,19.181156279066588,3.4738263269260368,-2.5523622,16.203318
3304,2023,1305099.2628659217,233612768.053,6601874.059093583,7181882318.0,179,30.74267891201309,0.09200907834799565,19.269175469466383,3.457662113301382,-2.5943663,16.10512
3304,2024,1421436.0994486487,262965678.398,6325727.634450067,8566628610.0,185,32.57698366641721,0.12564771433357902,19.387534085041068,3.513840822314599,-2.5409698,16.22752
3305,2018,286600.753504,35825094.188,1833664.9608430155,254680982.0,125,7.109010814137679,0.0,17.394159188702197,2.0929758895584825,-0.045991905,7.3662267
3305,2019,325268.48958593747,41634366.666999996,2096743.1867316156,299785594.0,128,7.200436033955747,0.16215651656111696,17.544436530002198,2.104187327729126,0.032566365,7.620996
3305,2020,361558.78918110236,45917966.225999996,2195111.8557021483,357495898.0,127,7.785534233821714,0.10288614675614238,17.64236704126926,2.1731065318358103,0.04539394,7.694573
3305,2021,357058.2409343066,48916979.008,2006660.3906700443,416508511.0,137,8.51460003145073,0.06531240445710074,17.705635133598847,2.2528274642840076,0.17553319,7.6174946
3305,2022,345146.39801550383,44523885.344,1506063.7224142954,341860043.0,129,7.67812692802339,-0.08980713349615366,17.611536374901313,2.160805713683505,0.21901159,7.133245
3305,2023,323348.46321428573,45268784.85,1262337.2711700802,358218178.0,140,7.913138803857071,0.01673033474605301,17.628128298862503,2.1875264582189575,0.52575284,6.9066277
3305,2024,340744.6739041096,49748722.39,1266151.1221113605,413074896.0,146,8.303226216780674,0.0989630615189796,17.722495360737128,2.2303612450317525,0.6105574,6.7703857
3306,2018,114384.60248305085,13497383.093,594266.9245633259,66353207.0,118,4.916005313237877,0.0,16.418006453743764,1.7776614429613815,0.054006517,5.211894
3306,2019,113886.84390677966,13438647.581,597608.5872002484,74654112.0,118,5.555180426454733,-0.004351622206712147,16.41364533599466,1.8802556418490206,0.055018518,5.2292657
3306,2020,129340.77589655173,15003530.004,669599.5359093512,85180247.0,116,5.677347062810214,0.11644642167806252,16.523796131630856,1.898720762379186,-0.058210254,5.372145
3306,2021,139378.225619469,15749739.495,712104.7373387929,88232561.0,113,5.60216002480582,0.049735594943393746,16.57233444659224,1.887396871974843,-0.15048206,5.4971223
3306,2022,122450.544225,14694065.307,610912.6406511536,79540099.0,120,5.4130764589771525,-0.0670280412152302,16.502954317674295,1.8583391025932603,0.09587338,5.1453867
3306,2023,110750.09392,13843761.74,494418.3749949753,78739198.0,125,5.687702481362866,-0.05786714222611555,16.44334534548014,1.9002703893507387,0.17122027,5.089865
3306,2024,101916.4731171875,13045308.559,441135.28543140576,79986214.0,128,6.131416028853616,-0.05767602736855537,16.383939206359567,1.9645098162297794,0.4168843,4.815922
3307,2018,683550.7787520661,82709644.229,3493903.0373907587,970429509.0,121,11.732966790585374,0.0,18.230846782322654,2.54419444045041,-0.0075884014,8.292869
3307,2019,569480.3383111112,76879845.672,3058596.176499467,763793956.0,135,9.93490490678973,-0.0704851122422786,18.15775432824347,2.391959957866843,0.02231291,8.304255
3307,2020,706338.9863758865,99593797.079,3721210.713032336,877870532.0,141,8.81451011756932,0.2954474115869943,18.416610452332943,2.283861914874986,-0.053510904,8.490782
3307,2021,715195.238097015,95836161.905,3692011.6481041075,839413804.0,134,8.758842041609316,-0.03772961052001422,18.378150655062903,2.278173750108597,0.012694411,8.369649
3307,2022,602994.0040758621,87434130.591,2872423.8844124214,642581215.0,145,7.349317831109497,-0.08767078258339189,18.286396286028193,2.1221798386522788,0.01541551,8.283106
3307,2023,602693.2341073826,89801291.882,2892557.7819061326,571623456.0,149,6.365425753018274,0.02707365276007745,18.313109930518454,1.9967968558498097,-0.1694877,8.460723
3307,2024,754343.9192792209,116168963.569,4102755.9099110886,730692372.0,154,6.289910399054132,0.29362240937076334,18.570556280382878,1.986491255005956,-0.16916782,8.777784
3923,2018,1628629.5588050315,258952099.85,8686234.575250262,1476982838.0,159,5.703691296017865,0.0,19.372153663757434,1.9026583143895206,-1.9365584,16.765732
3923,2019,1781616.380397436,277932155.342,9371136.566573502,1559328172.0,156,5.610463352400574,0.07329562302446813,19.44288759993658,1.8886537501058238,-1.9687107,17.002113
3923,2020,1861567.3708874173,281096673.004,9533263.765925253,1528323229.0,151,5.437002198095196,0.011385935744304243,19.454209203732766,1.862062934548624,-1.7391914,17.069504
3923,2021,1978024.688305195,304615801.999,10552624.40234319,1686061935.0,154,5.535044222707558,0.08366918307377236,19.534561878231887,1.8771791141087684,-1.7755213,17.29957
3923,2022,1929020.3923116883,297069140.416,10207986.534411332,1633278428.0,154,5.497974059886655,-0.02477436013980905,19.509475469053875,1.8714904452239596,-1.8751163,17.215067
3923,2023,1873519.8225259741,288522052.669,9932984.975528048,1487118552.0,154,5.154263038971429,-0.02877137536073615,19.48028208351771,1.8171450187506923,-1.8163302,17.16821
3923,2024,1950403.550272152,308163760.943,10174381.085858004,1600092344.0,158,5.192344288321293,0.06807697398622592,19.546141894258476,1.8233137368607575,-1.9516952,17.265182
3924,2018,138214.98063281248,17691517.520999998,513467.59329230513,148142663.0,128,8.373654935148718,0.0,16.688595903096303,2.2379030879790185,0.5073995,4.5428057
3924,2019,146733.0730078125,18781833.345,547865.7145136171,146024275.0,128,7.7747615111740975,0.06162929905282488,16.748400702427062,2.171879590768817,0.56905526,4.725241
3924,2020,135688.34625373132,18182238.398,530081.0907580222,148605663.0,134,8.173122568689788,-0.031924196961295115,16.71595581833559,2.2162777483361875,0.6842395,4.6563935
3924,2021,136922.46045112782,18210687.24,581996.4008582509,149368337.0,133,8.202235040965528,0.0015646501479777974,16.717519245607935,2.2194463937854207,0.65441585,4.5781646
3924,2022,126919.43461718751,16245687.631000001,495160.7079574226,135771999.0,128,8.357417801196158,-0.1079036492749077,16.60333811652238,2.2361693764881516,0.5018511,4.6005836
3924,2023,114278.28576056338,16227516.578,451980.64338014997,121496838.0,142,7.487087590759787,-0.0011185154739358216,16.6022189751121,2.138545901513968,0.7942443,4.8279853
3924,2024,117897.71518115942,16269884.695,487008.98791641433,124045876.0,138,7.624262760639827,0.0026108811410761046,16.604826453663474,2.154579482236788,0.8096839,4.7854013
3926,2018,686428.84756,120125048.323,2632524.833121667,1633178402.0,175,13.59565240388991,0.0,18.60404383585194,2.680723703813372,21.278946,-7.0028906
3926,2019,663254.8885271739,122038899.48900001,2811810.673195413,1550640233.0,184,12.7061145216223,0.015932157303728323,18.619850408340824,2.6178420487118483,21.369497,-6.912497
3926,2020,636737.374,116522939.442,2650789.119752544,1525865338.0,183,13.094978081629117,-0.0451983758465242,18.573598725250314,2.6458185695190433,21.199444,-7.0825686
3926,2021,693064.1542817679,125444611.925,2633315.3935803743,1729963434.0,181,13.790655552701502,0.07656580348662434,18.647374887845903,2.6939955997905622,21.309082,-6.9729376
3926,2022,666275.6108166666,119929609.947,2623245.0134475054,1761815591.0,180,14.690413750020344,-0.04396364174889611,18.602415553201975,2.7530499366981016,21.252413,-7.029612
3926,2023,652363.7823163841,115468389.47,2492073.4974106587,1685102273.0,177,14.59362411422387,-0.037198657437237825,18.56450737488571,2.7468621200838634,21.242083,-7.039916
3926,2024,608948.0777473118,113264342.461,2510307.774682607,1754746409.0,186,15.492487493177224,-0.01908788213914281,18.545234967384857,2.802904973780645,21.29192,-6.990136
4901,2018,112472.62544767442,19345291.577,673237.4905778909,110647310.0,172,5.719598981467153,0.0,16.777959670168833,1.9050284773775004,1.088861,5.941469
4901,2019,119995.89227272727,21119277.04,724579.1125578495,104205987.0,176,4.934164498274657,0.0917011488784758,16.865696832505936,1.7807262427979602,1.0839908,5.9117913
4901,2020,101646.7433373494,16873359.394,802779.7105186041,95744945.0,166,5.67432618273041,-0.2010446493011201,16.641246628165312,1.8982682527834525,1.141299,5.7845755
4901,2021,135124.91486585367,22160486.038000003,1043459.3354108843,141642932.0,164,6.39168887167499,0.31334167195419615,16.913821397850935,2.0003562435827718,0.9540064,5.936264
4901,2022,172582.65839644973,29166469.269,1384275.8863913068,187611803.0,169,6.432448208580373,0.31614754383032895,17.188530329002777,2.0058553076290897,1.0150578,6.0643973
4901,2023,180033.3008698225,30425627.847000003,1172002.251437303,251606172.0,169,8.26954741132155,0.04317144342658974,17.230795865383513,2.226734555443226,1.1385366,5.941268
4901,2024,170339.87459281436,28446759.057,1124365.3135704328,249730898.0,167,8.778887517540914,-0.06503953837702392,17.16354483004805,2.2802257268139297,1.0199461,6.0071273
4902,2018,67315.6865,2692627.46,265680.4670310335,3022325.0,40,1.1224445434419204,0.0,14.806028397180986,0.7525685109194665,-2.66087,8.275517
4902,2019,109382.17643835617,7984898.88,410690.53525769716,4892092.0,73,0.6126679966170576,1.9654673728982917,15.893062801042936,0.47788994820958275,-3.1052248,-2.277308
4902,2020,338485.6064197531,27417334.12,1444337.8550739742,9808386.0,81,0.35774397164474,2.4336482567954576,17.126686039921022,0.3058244779632776,-3.173737,-2.3484929
4902,2021,409117.7844666667,30683833.835,1695881.7454466377,17996259.0,75,0.5865062070396072,0.11913994630926572,17.239246521274055,0.4615342444441797,-2.2315848,8.64075
4902,2022,397736.5994264706,27046088.761,1350180.7587039543,17105037.0,68,0.6324403188628347,-0.11855575458926348,17.11305299683712,0.4900760233763467,-2.273774,8.640738
4902,2023,22954.78436036036,2547981.0640000002,116858.12626593208,13902793.0,111,5.45639573088858,-0.9057911446451309,14.750812256402948,1.8650712256951254,-0.31586,0.47846213
4902,2024,6601.918370689655,765822.531,31665.956022393482,4170954.0,116,5.446371490987843,-0.699439473149868,13.54870704489721,1.8635174129749263,-0.36394218,0.43591613
4903,2018,7795.828222222222,280649.816,21610.94345384273,2296651.0,36,8.183333353732955,0.0,12.544866527902196,2.217390249152188,-2.4822922,-4.6300364
4903,2019,10240.850333333334,307225.51,25895.327282054586,2486185.0,30,8.092378136151218,0.09469343104789352,12.635340572105322,2.207436495111293,-2.466293,-4.5616097
4903,2020,9209.84837837838,340764.39,29903.15907795679,2794817.0,37,8.20161108967929,0.10916697640114581,12.738949513615903,2.219378587166951,-2.6214297,-4.4847913
4903,2021,5278.3535833333335,253360.972,17707.214399902372,2407404.0,48,9.501873871838864,-0.2564922291322752,12.442574464573452,2.351553705225329,-2.2577522,-4.5958185
4903,2022,4750.240714285715,232761.795,15354.163093909165,1979818.0,49,8.50576874092028,-0.08130367055901566,12.357775166775498,2.251898850199732,-2.370371,-4.4760995
4903,2023,7496.769717391305,344851.407,19556.20421463816,2451403.0,46,7.108577637303626,0.4815636174312885,12.750871798681388,2.092922468936119,-2.7177312,-3.6355257
4903,2024,6606.720299999999,264268.812,16942.15094782262,2407951.0,40,9.11174868410461,-0.23367338327258158,12.484725875378048,2.3136979838623293,-2.3288622,-4.614308
4909,2018,6121.532333333334,257104.358,22588.150994513526,4120024.0,42,16.024714757981563,0.0,12.457241233176852,2.834666097591642,-1.9364942,-4.957284
4909,2019,8500.772195121952,348531.66000000003,33729.9962934693,4990374.0,41,14.31828029621665,0.3556038595036184,12.761487220717047,2.7290469058065154,-2.5649054,-3.8547027
4909,2020,5651.033716981132,299504.787,25058.831223524798,6464530.0,53,21.58406236084105,-0.1406669138751987,12.609889018554643,3.1172444522315175,-0.9240478,-4.4071693
4909,2021,3484.866,376365.528,21247.60810492819,12072162.0,108,32.07563153862466,0.25662608524517494,12.8383187560654,3.4987968039570405,1.4279188,0.7065365
4909,2022,2855.5061443298973,276984.096,15633.863780530293,9174587.0,97,33.12315447875706,-0.2640556177610399,12.53171897866778,3.529976170834098,0.8128046,-1.5052588
4909,2023,2598.8629758064517,322259.009,13586.600729026813,13257422.0,124,41.13902677569166,0.16345672424455726,12.68311398005532,3.7409743130854203,1.5338839,0.94433254
4909,2024,2955.1513203125,378259.369,15306.771091974479,14458781.0,128,38.2245152002085,0.17377438158757563,12.843338044361454,3.669301939083406,1.4165647,1.0658842
4911,2018,45231.509473684215,6875189.44,186011.66122207892,68491559.0,152,9.962134076117913,0.0,15.743429901496897,2.3944469775396313,0.86606234,4.0903087
4911,2019,37632.00393103449,5456640.57,142147.15272895253,45997977.0,145,8.42972455486317,-0.2063286957224556,15.512344061401679,2.2438668867662876,0.9598539,4.0598364
4911,2020,45516.80110638298,6417868.956,198991.04438980806,179254576.0,141,27.93054473827933,0.1761575411957177,15.674596838059617,3.3648979483399555,0.8679092,2.7335114
4911,2021,55908.81813043478,7715416.902,232550.50532395847,185123833.0,138,23.99401553427242,0.20217738238281346,15.85873120977837,3.2186364175834603,0.7564128,2.7973769
4911,2022,49237.493500000004,6991724.0770000005,226636.8707073116,106353647.0,142,15.211362151696761,-0.09379827871808233,15.760237875893441,2.7857123637838646,0.7150518,3.6070156
4911,2023,48941.46840425532,6900747.045,206278.52498023515,142693852.0,141,20.67802964946664,-0.01301210273718878,15.747140376010138,3.076299289114121,0.7558831,3.2749805
4911,2024,44409.79682352941,6794698.914,208476.47255139588,96184177.0,153,14.15576734412839,-0.015367630534557586,15.731653441825436,2.7183811422948243,0.8250739,3.7902858
6101,2018,1325.8417735849057,70269.614,4790.318543865865,3593322.0,53,51.1362137260191,0.0,11.160108981873984,3.953859788415936,0.39496693,-5.8529596
6101,2019,1656.342253968254,104349.562,5701.793699566496,4492805.0,63,43.05533165493253,0.48498840480324823,11.555511298211975,3.785446381492207,-0.4045328,-6.546938
6101,2020,2849.0218928571435,159545.22600000002,11431.865767365764,4561129.0,56,28.588313886442524,0.5289496471484951,11.980088977399678,3.38737948224183,-0.49713466,-6.420388
6101,2021,2053.20372,153990.279,8330.656807514997,7956623.0,75,51.66964467898866,-0.03481738149908675,11.944651249922105,3.9640392872980343,0.49799487,-5.224368
6101,2022,11967.34102739726,873615.895,63819.24296520043,15788450.0,73,18.07253060566386,4.673188597833503,13.680397223300425,2.9482491116821716,-3.3356452,-2.5014558
6101,2023,15868.13096969697,1047296.644,82066.75809320578,26665426.0,66,25.46119683734472,0.19880676392683982,13.861723732164512,3.2756793896119,-0.66670257,-2.088008
6101,2024,2573.406405063291,203299.106,9012.748529530074,11605030.0,79,57.08352696810637,-0.8058820228588454,12.222438521013252,4.061882094707679,0.8059789,-4.152588
6102,2018,2892.1925312500002,92550.16100000001,7004.922728367567,6810184.0,32,73.58370775742266,0.0,11.435516862493463,4.311922088685507,0.6749216,-6.352223
6102,2019,2273.5975757575757,75028.72,6474.191498186777,7825508.0,33,104.30016665479167,-0.18931832004052385,11.225639580692214,4.656815001805265,0.71728337,-6.4987965
6102,2020,1882.7136190476192,79073.97200000001,6826.704398422246,7626940.0,42,96.45322989344137,0.05391604708170439,11.278151694079572,4.579372569513514,0.5236043,-6.375066
6102,2021,1924.085574074074,103900.621,7492.692136921954,9575347.0,54,92.15870807844202,0.3139673949855457,11.55119977850556,4.534304577148857,0.18811132,-6.483139
6102,2022,1927.340195652174,88657.649,5100.487076761808,8601076.0,46,97.01448320497407,-0.14670722709154926,11.392548870195126,4.585115255556888,0.7712863,-6.1992917
6102,2023,8446.373057142859,591246.1140000001,56056.89880556233,14140208.0,70,23.91594238871578,5.668867499520544,13.289989337592434,3.2155078551687963,-3.3095605,-2.4826355
6102,2024,5012.26561038961,385944.45199999993,33832.435174715574,15117968.0,77,39.17135722930623,-0.3472355371793616,12.863451322398737,3.6931542349377406,1.0471208,-2.0578585
6103,2018,15714.680450000002,942880.827,101017.77034939539,43072638.0,60,45.68195339913759,0.0,13.756696237750162,3.8433576531395888,1.7885343,-1.628054
6103,2019,19794.547784615384,1286645.606,118590.74093679938,73227086.0,65,56.913174582390084,0.364589849699001,14.06754986145965,4.058944898978662,1.9559664,-1.1338261
6103,2020,20059.244276923077,1303850.878,113279.25353206322,87325139.0,65,66.97479019524273,0.013372191938298306,14.08083342452605,4.219136904014952,2.1574852,-1.4080191
6103,2021,19047.343602941175,1295219.365,99857.44943164877,83816231.0,68,64.71199648866838,-0.0066200154830896585,14.074191404662345,4.185281503779035,2.0783246,-1.3793215
6103,2022,17763.28387878788,1172376.736,66645.4803614863,52912328.0,66,45.13252982184292,-0.09484310713652733,13.974544497532793,3.831518337207195,1.4617039,-1.5774484
6103,2023,10820.436623188405,746610.127,51719.91135555479,15173436.0,69,20.323104993162886,-0.36316535114187054,13.523299748914381,3.0597912262715177,0.09651894,-1.362358
6103,2024,10500.977479452054,766571.3559999999,57398.52256798686,12374179.0,73,16.142240253474668,0.02673581334907338,13.549684370751393,2.8415456078652714,-0.9216407,-2.0878613
6104,2018,30152.915475409834,1839327.8439999998,153082.86665053232,70661955.0,61,38.41727032538827,0.0,14.424911304348882,3.674204053395667,1.2338829,-1.6716993
6104,2019,27177.06901369863,1983926.038,149182.4050334771,62806816.0,73,31.65784147038265,0.07861469311829761,14.500588790949118,3.486084994433008,0.0014734009,-1.7930025
6104,2020,21741.426714285713,1826279.844,93634.44905321962,50011003.0,84,27.38408528368592,-0.07946172940949114,14.417792131158361,3.345828610762097,0.31793588,-0.99556786
6104,2021,25814.31131632653,2529802.509,121341.70058837076,64942221.0,98,25.67086591500188,0.38522172125555154,14.743652193260788,3.283571805420958,0.78212696,0.9014077
6104,2022,20138.84687850467,2154856.616,93006.8819911559,68914887.0,107,31.981193777938138,-0.14821152705244633,14.583235207875454,3.495937513502983,0.8952663,1.1802382
6104,2023,21199.84372881356,2501581.56,101892.10288013224,76620241.0,118,30.62871993666654,0.16090395130030322,14.732434113563253,3.454065566586094,1.1553272,1.5514036
6104,2024,20887.516122641508,2214076.709,93064.8884450413,71444773.0,106,32.26842715500863,-0.11492923340864414,14.610346490550755,3.5046088137403104,0.87969196,1.1105698
6105,2018,20720.967708333334,994606.45,90755.79487902233,24972500.0,48,25.10792082634784,0.0,13.810103415683143,3.2622387482246253,-0.92143345,-2.6595938
6105,2019,16158.138716981131,856381.352,81957.37650179249,19533937.0,53,22.809857961476478,-0.13897466480335008,13.660472228292432,3.1700996949822997,-0.8887957,-2.795863
6105,2020,18586.43450819672,1133772.505,113994.41947861134,19138456.0,61,16.880331738140995,0.32391078151360775,13.94106201228037,2.8837013231605564,-2.2374947,-2.9327846
6105,2021,11094.645245901642,676773.3600000001,50023.15231990232,33727885.0,61,49.83630709097379,-0.4030783450688812,13.425093202395772,3.9286108058185936,1.5249888,-2.0574393
6105,2022,12052.704451612903,747267.676,67118.58635989825,49731591.0,62,66.5512407363027,0.104162368329628,13.524180072808104,4.212886431910399,2.269263,-1.2316511
6105,2023,12366.864791666665,890414.2649999999,78677.52739336538,52676580.0,72,59.15963172483636,0.19155999061305562,13.699443222776749,4.097001558027707,2.1906455,-0.99753606
6105,2024,14597.063887096774,905017.961,88040.344244742,55969239.0,62,61.843235617219044,0.016401013072269377,13.715711173843802,4.140643301833017,2.0283153,-1.4836553
6106,2018,32275.326869565215,1484665.0359999998,145876.02934409687,29717882.0,46,20.016556785122532,0.0,14.210700413344542,3.045310545424117,-1.1827514,-2.3867044
6106,2019,24585.381491525426,1450537.5080000001,115242.32355339367,25396840.0,59,17.508571725938776,-0.022986685327989198,14.187445430278068,2.918233961314282,-1.1754022,-2.1117325
6106,2020,42919.455285714284,2103053.309,182013.91975253113,24658048.0,49,11.724880151380072,0.4498441421895307,14.558901278887765,2.5435591440331033,-2.5189075,-3.1991
6106,2021,34784.30633962264,1843568.236,153783.33630491508,31290469.0,53,16.972775072255597,-0.12338492414316626,14.42721405277236,2.8888581169336502,-1.2829459,-2.171748
6106,2022,26660.756387096775,1652966.896,131407.5906902668,27353209.0,62,16.547947249382453,-0.10338719027484922,14.318082954956965,2.864936977223683,-1.1806101,-1.959099
6106,2023,27667.40645901639,1687711.7939999998,139044.62668396783,21858673.0,61,12.951662172236412,0.021019717989560815,14.338884793927015,2.6355986533009657,-1.3767064,-1.6708449
6106,2024,26449.36685,1586962.011,112317.64822437377,21645540.0,60,13.639608163239366,-0.05969608280168237,14.277332691738497,2.6837307433689275,-1.2877283,-1.8733906
6107,2018,10875.596675675675,402397.077,39012.96108720358,5535730.0,37,13.756884223058716,0.0,12.90519711892921,2.691709700889698,-2.3356261,-4.7345743
6107,2019,16885.235564102564,658524.187,61109.66673162602,7709497.0,39,11.707234376781201,0.6365034058137555,13.397758048484869,2.542171467250588,-2.7392378,-3.4486783
6107,2020,14334.464282608695,659385.357,48012.41785649128,7835186.0,46,11.88255989735016,0.0013077272133663609,13.399064919384495,2.5558744507223508,-2.4672015,-4.4458046
6107,2021,17959.694124999998,862065.318,78264.49917317476,8883090.0,48,10.304427999259444,0.30737710331046975,13.667087481721286,2.42519450730341,-2.5569105,-3.4883182
6107,2022,11652.150666666666,594259.684,52363.01812056008,6794649.0,51,11.433804417377514,-0.3106558498621794,13.295073364025903,2.520418926061017,-2.1479213,-4.3924046
6107,2023,3235.974036363636,177978.572,13148.000179390881,3823510.0,55,21.482979422817916,-0.7005037077359602,12.089424058643381,3.112758552845511,-0.37859666,-4.1796336
6107,2024,4153.646928571428,174453.17099999997,15776.384504238007,2917177.0,42,16.721834193448274,-0.01980800812358474,12.06941735575873,2.874797449608444,-1.6929576,-5.053103
6108,2018,12851.755228571428,449811.43299999996,56692.025301356865,8161351.0,35,18.14393855120587,0.0,13.016585959299197,2.9519861407809183,-2.0399158,-5.0560904
6108,2019,10714.911973684211,407166.655,41515.75688870381,6479195.0,38,15.912882158741821,-0.09480590058723548,12.916980308352306,2.8280755894717307,-2.2070365,-4.9609933
6108,2020,8810.539641509433,466958.60099999997,43236.53347115629,5964709.0,53,12.773528503841023,0.1468488277852713,13.053998025414398,2.6227485256553202,-2.4920404,-3.9039137
6108,2021,10459.223950000001,627553.437,52709.02438724299,7250135.0,60,11.553016161695322,0.3439166462638945,13.349585698416558,2.529960968311967,-2.4684792,-3.281576
6108,2022,4686.764210526316,267145.56,20781.40014569216,5964505.0,57,22.326798169423714,-0.5743062753714152,12.49555270064196,3.1496028356986847,-0.4164859,-4.2017045
6108,2023,4154.353089285714,232643.773,14852.580084495145,6667690.0,56,28.660513513814703,-0.12914976763978414,12.357267989794957,3.3898166499049793,-0.27410787,-4.9140577
6108,2024,3374.4137068965515,195715.995,11422.183081485613,6058242.0,58,30.95425082640305,-0.15873099685328773,12.184424991718874,3.46430521818348,-0.1463399,-4.974064
6109,2018,150263.9017238095,15777709.680999998,714952.3082659084,195650544.0,105,12.400440111760707,0.0,16.574108785607596,2.595287550578755,-1.0499958,0.9391836
6109,2019,134575.31216666667,16956489.333,718148.652477573,198254034.0,126,11.691926914031358,0.07471170884957568,16.64616122900069,2.5409661152763325,0.5588732,4.309281
6109,2020,110682.58878625954,14499419.131,584302.9746805737,186453226.0,131,12.85935831742025,-0.14490441704923884,16.489619215625627,2.628960695245571,0.6202268,4.293688
6109,2021,112581.00711971831,15986503.011,607373.2404993944,221222128.0,142,13.838056255815768,0.10256161757684423,16.587255424945837,2.6971952490942734,0.7395743,4.0538044
6109,2022,102205.2443543307,12980066.033,495660.03585953277,225446088.0,127,17.368639529784943,-0.18806095216266683,16.37892543355662,2.9106448371369247,0.48245513,3.4119868
6109,2023,76958.49527702702,11389857.300999999,406688.40529081225,273165341.0,148,23.983210129945423,-0.12251160571580433,16.248233894696288,3.2182040044452056,0.6712695,3.3465176
6109,2024,81121.40563829787,11438118.195,432815.4861809727,262147056.0,141,22.918722427135844,0.004237181619102914,16.252462124368304,3.1746615174192576,0.71343577,3.291314
6110,2018,36315.41532432433,2687340.734,178349.175531536,109949864.0,74,40.91400193837835,0.0,14.804063060009572,3.7356199462443107,0.7308152,-1.6482956
6110,2019,28849.144710526318,2192534.998,140040.27131824652,93494009.0,76,42.641968810186064,-0.18412467378615638,14.600569421793804,3.7760192747544243,0.9292678,-1.3703549
6110,2020,18753.17677777778,1856564.501,87519.97341819036,101630511.0,99,54.74116894145293,-0.15323381259887203,14.434238833959101,4.020718993155273,1.5026599,0.20022713
6110,2021,21209.350008474576,2502703.301,94455.00544216146,141223232.0,118,56.42827575426752,0.3480292764684292,14.73288242560049,4.050536790992923,1.5051371,1.3371177
6110,2022,20165.593532258063,2500533.5979999998,92200.7664078174,159636886.0,124,63.841128200644235,-0.0008669437560310245,14.732015106178086,4.171940096479275,1.4555014,1.2563357
6110,2023,22195.130880733945,2419269.266,92875.33620093146,140550995.0,109,58.09646614174857,-0.032498796282920406,14.698976509684439,4.079171128068425,1.4073253,1.0077908
6110,2024,20327.851075630253,2419014.278,97181.96535479923,146406257.0,119,60.52310576727381,-0.00010539876796000769,14.698871105405209,4.11941280778648,1.5826828,1.2897063
6111,2018,8099.958384615385,421197.836,25344.404137100253,14666959.0,52,34.82201888607324,0.0,12.950860295705375,3.5785627570228833,-0.4998481,-5.144487
6111,2019,6430.044199999999,353652.431,19678.5040071004,11881318.0,55,33.596030900651165,-0.16036503330943042,12.77607270409953,3.5437389616295287,-0.3362043,-4.833632
6111,2020,4922.370727272727,216584.312,14849.482685046818,7946856.0,44,36.691743398124366,-0.3875786138735746,12.285739799615365,3.629441062460898,0.06570633,-4.4804363
6111,2021,2901.4325344827585,168283.087,8486.267176181836,6497883.0,58,38.612810804697126,-0.22301349785666846,12.033408824312316,3.6791525711130397,0.21091864,-4.9842935
6111,2022,3867.9457199999997,193397.286,12605.41492088579,5667342.0,50,29.304144423054083,0.14923780783745655,12.17250699950084,3.4112844828005904,-0.58889806,-5.827183
6111,2023,3102.981191489362,145840.116,7154.422919503372,5063619.0,47,34.72034402362433,-0.24590401956312868,11.89027306154488,3.5757203870824212,0.1856011,-4.882737
6111,2024,2562.0314423076925,133225.635,8107.432687017785,7579843.0,52,56.89477854575889,-0.08649527541516766,11.79980697956106,4.058627199955597,0.60706335,-5.751372
6112,2018,1356.9086153846151,35279.623999999996,3030.599084844026,1661776.0,26,47.102996334453486,0.0,10.471089197039143,3.8733444690271157,1.2587856,-6.6878676
6112,2019,1627.5293333333332,58591.056,6767.248352075752,1798095.0,36,30.688899001398973,0.6607619174172605,10.97835440323566,3.4559664303223516,-0.23938629,-6.737667
6112,2020,2837.5953809523808,119179.006,16503.788450779477,2463065.0,42,20.66693692662056,1.0340818912702305,11.688390284644987,3.075787454686067,-0.6227202,-6.577009
6112,2021,635.7787906976744,27338.487999999998,2273.214124653592,1431085.0,43,52.34689643215284,-0.7706098673116974,10.216087382962863,3.9768158023377587,1.3315136,-6.012093
6112,2022,810.3786909090909,44570.828,2169.731415964589,2412113.0,55,54.11864908468564,0.6303325919121792,10.704857279234613,4.009488117781797,-0.11912703,-6.7922425
6112,2023,890.152019607843,45397.753,3111.0286466529074,1947399.0,51,42.896374187442795,0.018553054477695508,10.723239916691863,3.7818317241290074,0.5738139,-6.3079505
6112,2024,552.0103859649123,31464.592,2065.7470872434537,1111970.0,57,35.34035972767928,-0.306913009549173,10.356649910339899,3.5929289618645255,1.1046027,-5.8444366
6113,2018,561.8399999999999,11236.8,1544.0120076162482,1359239.0,20,120.96317455850748,0.0,9.32703837475279,4.803719151286929,1.6896864,-7.321362
6113,2019,864.5347058823529,14697.09,1700.6663787583298,1209875.0,17,82.32071790522336,0.3079426527125162,9.595472832352149,4.4226972325969305,1.3452405,-7.3263264
6113,2020,1651.64895,33032.979,4691.656150599874,1887969.0,20,57.15406412309486,1.2475863589322782,10.405291977372169,4.063095766859429,0.3081811,-7.095014
6113,2021,821.0840000000001,14779.512,1946.2175202824155,2284016.0,18,154.53933795956596,-0.552583132148027,9.6010648353095,5.04689867685788,1.9632244,-7.007914
6113,2022,558.0088,8370.132,1095.1605786975583,1147413.0,15,137.08421801029132,-0.4336665513719262,9.032544399261093,4.927863774451772,1.8607938,-7.2352834
6113,2023,278.64344444444447,5015.582,419.1016517028132,456521.0,18,91.02054355984598,-0.40077623626485215,8.520504104290081,4.522011851684947,1.9532232,-7.2267165
6113,2024,406.858652173913,9357.749,1093.7691830962162,749146.0,23,80.05621863975448,0.8657354221304725,9.144066906693013,4.395142971206992,0.79402006,-7.3273296
6114,2018,9961.044196721312,607623.696,28044.046433972653,13180405.0,61,21.69172316146523,0.0,13.317312694039053,3.122000239560237,-0.73316014,-2.89285
6114,2019,15268.807140625,977203.657,56681.470695396034,14887613.0,64,15.234913309360206,0.6082382294057209,13.792451384011345,2.7871640658029615,-2.51413,-2.8646784
6114,2020,17764.10517948718,1385600.204,97805.68052256764,20775702.0,78,14.994009051102166,0.4179236785234419,14.141644685727574,2.7722142178156384,-2.175793,-2.456845
6114,2021,9015.936739726027,658163.382,27140.414938359496,35061592.0,73,53.271866771747455,-0.5249976291140903,13.39720999977616,3.9940059853416066,1.3776032,-1.9796364
6114,2022,15770.000238636363,1387760.021,75106.89207432975,39624413.0,88,28.55278463160991,1.1085342317023645,14.143202230153012,3.386177973984556,-2.8764238,-2.4894316
6114,2023,11315.451538461539,1029706.09,63880.41509400239,62239974.0,91,60.444407005439345,-0.25800853575677407,13.844784941121768,4.118132814871199,1.6299703,-0.849411
6114,2024,8670.085976190476,728287.222,31116.368546878915,29014308.0,84,39.839100733199686,-0.2927232060946634,13.498452158168059,3.7096399737886037,1.0120625,-1.299925
6115,2018,66407.21658227849,5246170.11,364892.0742422193,115421894.0,79,22.00117258492367,0.0,15.473009056109202,3.135545196582817,-1.2071992,-0.50819325
6115,2019,68137.50874025974,5246588.173,355207.15425060457,105672037.0,77,20.14109617823435,7.968918110434764e-05,15.473088742100105,3.0512188323727973,-1.4525634,-0.52511775
6115,2020,79090.091,7197198.2809999995,444803.2220134105,81727823.0,91,11.355505268729813,0.37178639597409835,15.789202519560535,2.5141017344950765,-1.4989208,-0.13301274
6115,2021,96359.20038202248,8575968.834,561848.2661693816,92239394.0,89,10.755565439358875,0.19157045549791785,15.964474644795862,2.464326782864846,-1.3364273,-0.03764176
6115,2022,48342.12421,4834212.421,233491.85308556212,84877342.0,100,17.557635992839717,-0.4363071374706444,15.391228989250298,2.920881348170224,-0.27956268,0.8005347
6115,2023,37192.71926923077,3868042.804,176309.520474919,65065144.0,104,16.82120578725198,-0.1998608114122009,15.168259460206814,2.880389084582457,-0.33449814,0.85234964
6115,2024,28827.806854368933,2969264.106,139316.90895277882,56434822.0,103,19.00633287754464,-0.2323600703359745,14.903825041103548,2.9960488673101304,-0.14423282,0.8126437
6116,2018,75268.41184,7526841.184,294349.7473311783,160680518.0,100,21.34766950331586,0.0,15.833986147143484,3.1067220428405053,-0.38470566,1.2789416
6116,2019,56928.39508490566,6034409.879,238004.07973732997,114437625.0,106,18.96417831977718,-0.19828122694716876,15.612988790350371,2.993939583634051,-0.27477387,1.0820881
6116,2020,52440.258972477066,5715988.228,243552.96848451524,102234006.0,109,17.88562220950433,-0.05276765373663472,15.55877793349548,2.9384009029081053,-0.30439845,1.3684047
6116,2021,58344.35350980392,5951124.058,246474.67176815428,101572399.0,102,17.067767031917406,0.041136514041120176,15.599090845025577,2.894129523748493,-0.51392037,1.0126691
6116,2022,54534.23803921569,5562492.28,253407.25424196268,95252290.0,102,17.124030956854266,-0.06530392816758179,15.531556997366016,2.897238734862044,-0.5141784,1.1162866
6116,2023,43449.0502293578,4735946.475000001,217587.65818734796,76334782.0,109,16.118168227394055,-0.14859271049631007,15.370692364901707,2.8401403689256774,-0.23875308,0.9724881
6116,2024,36855.50178846154,3832972.186,165340.03252610262,61079102.0,104,15.935180073332278,-0.19066395571964323,15.159151348773392,2.8293931194185338,-0.44381595,0.8932951
6117,2018,71683.87753623188,4946187.55,350938.7287983221,63900265.0,69,12.919094626726615,0.0,15.4141278480514,2.6332616116075713,-1.4889052,-0.92870855
6117,2019,38273.022346666665,2870476.676,184316.8358532812,46255437.0,75,16.11420060881341,-0.4196587478774435,14.86998901151726,2.8399085638398307,-0.3038873,-0.8687127
6117,2020,46370.70292957747,3292319.9080000003,207975.29679764205,53586128.0,71,16.27609998341137,0.14695929617788694,15.00710331719458,2.8493240424984343,-1.3545538,-1.0429523
6117,2021,43334.88495238095,3640130.3359999997,198569.119298981,61922783.0,84,17.01114446029083,0.10564296232418235,15.10753032028069,2.890990702992947,-1.2446047,-0.531221
6117,2022,56074.99639726028,4093474.737,252769.05650028528,65384150.0,73,15.972774769804088,0.12454070573147757,15.224904980579414,2.831610576180554,-1.39437,-0.86861384
6117,2023,37143.60553409091,3268637.287,192002.82572420922,59373037.0,88,18.164461757846258,-0.20150055954773083,14.99988403015017,2.953057613796669,-0.4491957,-0.2877931
6117,2024,35072.47574725275,3191595.293,184486.88823353712,53463658.0,91,16.75139016442435,-0.023570065209257307,14.976031754929187,2.876463831977141,-0.88140905,-0.05385179
6201,2018,67612.78545588236,4597669.411,376158.33906745154,37249438.0,68,8.101808692654586,0.0,15.341060300787824,2.2084731512077322,-1.6177772,-1.0356197
6201,2019,44688.30604225353,3172869.7290000003,233839.6471752799,36611732.0,71,11.538996280041872,-0.3098960700808856,14.970147328796223,2.5288434905373203,-0.7723234,-1.0538044
6201,2020,40484.90138356164,2955397.801,208329.18406519812,43528556.0,73,14.728493059464544,-0.06854108317536922,14.899144157753543,2.7554739120655563,-1.3291906,-1.0142728
6201,2021,42136.43329487179,3286641.797,209260.5410658502,49061258.0,78,14.927473399981555,0.11208101863238817,15.00537717530827,2.7680455049384602,-1.3634641,-0.8285038
6201,2022,29218.503368421054,2220606.256,152727.82088937145,48801921.0,76,21.976845678119187,-0.32435403881647884,14.6132912551823,3.1344869992096562,0.0022781768,-0.88691396
6201,2023,17458.058125,1396644.65,78429.77683616611,43646073.0,80,31.250664225842094,-0.37105254647179564,14.149583955384296,3.473538639179826,0.5808278,-1.1563227
6201,2024,14449.554525641026,1127065.253,69880.54039612727,36338116.0,78,32.241359498257694,-0.19301931740475287,13.935128578339276,3.503794868617123,0.5269631,-1.1011794
6202,2018,8192.503216666666,491550.19299999997,28669.369038763496,42328858.0,60,86.11299233059988,0.0,13.105321369808705,4.467206038412892,2.3781517,-1.3228897
6202,2019,12809.700342465754,935108.125,67585.10268756626,43693243.0,73,46.72533777840212,0.9023654925103448,13.748418512690545,3.8654624471855525,-2.6741035,-2.5721664
6202,2020,9658.82189041096,705093.998,48871.928288429306,48025934.0,73,68.11281068362163,-0.2459759688217873,13.466087821652753,4.235740106985785,1.894463,-1.467058
6202,2021,7357.4229010989,669525.4839999999,33454.94967215465,58785409.0,91,87.80160039421622,-0.05044506704196916,13.414326001209986,4.486404672293112,2.2725863,-0.7266707
6202,2022,9507.065,684508.68,35394.03824492511,76843904.0,72,112.26140185671237,0.02237882852566697,13.436458065319924,4.729698437941855,2.6183448,-1.1316662
6202,2023,11480.5366,861040.245,52853.813601884554,104609722.0,75,121.49225614869896,0.25789529067768724,13.665897685862992,4.80804781287396,2.7463892,-1.0698512
6202,2024,8123.805576923077,633656.835,35673.7544579772,80844368.0,78,127.58383329025784,-0.26407988630078494,13.359264395303962,4.856581090761441,2.5591352,-1.0583827
6203,2018,22586.991342465753,1648850.368,100101.58074201204,38059470.0,73,23.082428059340383,0.0,14.31558946285232,3.1814824483863977,-0.5416974,-1.8172954
6203,2019,13718.466740740741,1111195.806,62503.62729445338,31391784.0,81,28.250452197955603,-0.32607844376573525,13.920948196048089,3.3758950333175304,0.5496978,-1.2420663
6203,2020,8742.930344086022,813092.522,38851.667876320644,30965144.0,93,38.083174008039784,-0.2682725064208892,13.608601415124467,3.665692042096617,0.9047799,-1.149403
6203,2021,11156.515781249998,1071025.515,61066.94078521862,47726678.0,96,44.56166294035996,0.31722465281755463,13.884128106359658,3.819066637920773,1.5567193,0.25839704
6203,2022,8107.184164705882,689110.654,28405.204647907398,48180421.0,85,69.9168133887683,-0.3565880136851828,13.443158589116385,4.261507547720037,1.753402,-1.1333872
6203,2023,6888.522393258427,613078.493,25671.259172889,49928180.0,89,81.43847903651476,-0.11033374764802284,13.326249885140491,4.412052306513333,2.174448,-0.8793302
6203,2024,7131.217838709678,663203.2590000001,25097.189996359546,47255446.0,93,71.25333803573595,0.0817591329206846,13.404838304676451,4.280178527111956,2.0087256,-0.45130554
6204,2018,114162.11216666666,8904644.749,477041.66195331357,139749494.0,78,15.693999922420073,0.0,16.002083692780413,2.8150493687813705,-1.4582362,-0.5427567
6204,2019,114528.83434042553,10765710.428,572304.4501051308,143286632.0,94,13.3095379964261,0.20899943023656276,16.191876773731174,2.6609263076821237,-1.272033,0.27111086
6204,2020,91691.37505940595,9260828.881000001,436591.47136553103,157127038.0,101,16.966843899076146,-0.13978469484800804,16.041304222585133,2.888528053710775,-0.6954549,1.1902076
6204,2021,70665.04227433629,7985149.777000001,339851.8071087687,217262097.0,113,27.20826823133148,-0.13774999197072413,15.89309422198272,3.3396151346620435,0.41293806,1.8922272
6204,2022,80901.0432173913,9303619.969999999,448348.55072660104,219577809.0,115,23.601330418484025,0.1651152739548667,16.045914233958715,3.202800523528132,0.40186062,2.0222194
6204,2023,75830.08841880341,8872120.344999999,440876.4727038631,250461733.0,117,28.230200139375114,-0.046379756094014235,15.998424485218175,3.3752024261532583,0.5796679,2.1461487
6204,2024,62051.55807964601,7011826.062999999,317494.28075407224,240151535.0,113,34.24949975116999,-0.20967865737398317,15.76310886171285,3.5624513377014075,0.62786114,1.9032339
6205,2018,32883.400045454546,2170304.403,115685.26135209372,25055526.0,66,11.544705878748779,0.0,14.590378454323556,2.529298734246512,-1.4424478,-1.3544163
6205,2019,29634.3768961039,2281847.021,175111.2859853904,20507983.0,77,8.98744868137723,0.051394918540374146,14.640496208150411,2.3013291727940586,-1.5452689,-0.9710594
6205,2020,12164.73055263158,924519.522,52841.67885119361,13295095.0,76,14.380545443999418,-0.5948372027171054,13.73703052750778,2.7331034279479596,-0.10958428,-1.059943
6205,2021,8854.051988764044,788010.627,35306.538695076626,18411427.0,89,23.364439982326072,-0.1476538804769555,13.577268123807304,3.1931246915177187,0.38927472,-0.96584123
6205,2022,18867.16291011236,1679177.499,118775.98293804459,22656738.0,89,13.49275940957955,1.130907174935853,14.333815243095007,2.673649173645787,-2.819802,-2.5108826
6205,2023,22608.011302325584,1944288.972,154491.0111104984,25876933.0,86,13.309201138639535,0.15788174457904636,14.480407415430335,2.6609027666179985,-1.3114845,-0.53958267
6205,2024,22411.593041237113,2173924.525,182712.04161759946,20081417.0,97,9.237403032651635,0.11810772796997582,14.592045088946788,2.32604797735427,-1.3001956,-0.25659883
6206,2018,24646.356061538463,1602013.144,95128.69051156337,42245598.0,65,26.37031921878765,0.0,14.286772235535262,3.309459186075099,-0.41275752,-2.0272734
6206,2019,25080.57169333333,1881042.8769999999,112710.24816768845,38848585.0,75,20.652684462959932,0.17417443423922352,14.447337434433226,3.0751294404321237,-0.891749,-1.6402719
6206,2020,37624.667575,3009973.406,187834.88119478012,45298421.0,80,15.049442267392894,0.6001620392622238,14.917442133698875,2.7756740992770936,-2.303401,-2.2659485
6206,2021,34699.20584444445,3122928.526,187601.16903802048,60697177.0,90,19.43598020084196,0.03752694949890212,14.95428206988828,3.017297082630832,-1.0661032,-0.30739918
6206,2022,28381.311954022985,2469174.1399999997,133639.1473502703,63189898.0,87,25.591511338270546,-0.20934016918964238,14.719394701412964,3.280592042235786,0.23627323,-0.69448274
6206,2023,22552.19340449438,2007145.213,127732.69063058517,55055248.0,89,27.42962873009257,-0.1871188100973712,14.512224476644613,3.3474318664883858,0.3397224,-0.7977732
6206,2024,18195.450476190475,1528417.8399999999,85239.11205089404,46420425.0,84,30.371554024761732,-0.23851157848438154,14.239744321094978,3.445901559539881,0.47229272,-1.0245235
6207,2018,3039.3912162162164,112457.475,9405.514379520728,1822178.0,37,16.20326261090067,0.0,11.630339321377226,2.845099052511435,-1.7269137,-5.0476055
6207,2019,4400.687823529412,149623.386,11947.768496345318,1709118.0,34,11.422799909023427,0.3304885780158233,11.91588333925954,2.519533486607699,-2.4706454,-4.289642
6207,2020,3664.6365263157895,139256.188,10215.958057347732,1837183.0,38,13.192828457912457,-0.06928862042996409,11.844077775846882,2.6527367988573016,-1.9019666,-4.9212017
6207,2021,2684.2567083333333,128844.322,7627.580205727463,2495705.0,48,19.36992613442935,-0.07476770798867471,11.766367909639524,3.014059604038195,-1.5079365,-4.960934
6207,2022,2766.9150204081634,135578.836,9117.673979153846,2329116.0,49,17.179052931113972,0.05226861296999963,11.817315941366287,2.900269993394262,-1.5527655,-5.130464
6207,2023,2213.815488888889,99621.697,9878.072504242113,1481765.0,45,14.873918479677435,-0.2652120350111282,11.509145299137742,2.7646774151935745,-1.3997457,-4.654375
6207,2024,879.9575,42237.96,3798.463329368915,723231.0,48,17.122772974425782,-0.5760164575393651,10.651098296864914,2.8971693228150466,-0.7886619,-4.4969244
6208,2018,6595.974194444444,237455.071,18278.450114582127,5183722.0,36,21.830327641131614,0.0,12.377737921138317,3.128089811780451,-1.68047,-5.270626
6208,2019,5176.912454545454,170838.111,17795.246918707348,4094660.0,33,23.968071152320523,-0.2805455352857046,12.048477521242496,3.2175978547049064,-1.0349306,-4.931879
6208,2020,4787.34555,191493.822,19392.317199016226,4135250.0,40,21.594691446382043,0.12090809760826726,12.162616048072781,3.1177149869338447,-1.5352355,-5.381279
6208,2021,4623.091163265306,226531.467,17489.613151416506,5889304.0,49,25.997730372593235,0.18297010647163336,12.330643555796074,3.2957528021967417,-0.8419117,-5.7608724
6208,2022,11588.546982142856,648958.6309999999,59943.842285583494,11152180.0,56,17.18473176448564,1.8647615256029746,13.383125791902613,2.90058232795819,-3.168445,-2.6832643
6208,2023,1306.2518947368421,99275.144,6187.695756560045,4494255.0,76,45.27069736564401,-0.8470239253201334,11.505660579478763,3.834508874463945,0.7686479,-4.2355776
6208,2024,1016.561696969697,67093.072,3209.4826188140332,3916390.0,66,58.372494852249844,-0.3241704892414964,11.11385097330445,4.083831069502591,0.8197844,-5.0432067
6209,2018,1930.44996,96522.49799999999,3994.9521523089147,3223383.0,50,33.39514690105312,0.0,11.477541760275807,3.537915475969093,0.09354041,-5.7530994
6209,2019,2177.920727272727,119785.64,8057.948786639846,3015196.0,55,25.171598198038,0.2410126393537806,11.693467439246094,3.2646747845297934,-0.6536518,-6.0983744
6209,2020,750.7192753623189,51799.63,2472.9201073181257,3460088.0,69,66.79754276108154,-0.567563941721228,10.855157590335779,4.216525951827652,0.9197218,-4.776877
6209,2021,995.9650136986301,72705.446,2910.296077303545,4144661.0,73,57.006197306636345,0.40359006425335475,11.194185325340692,4.0605498549527725,-0.20905904,-6.543335
6209,2022,886.5996521739131,61175.376000000004,2786.323446025002,4009727.0,69,65.54478716950517,-0.15858605695094685,11.021516380906299,4.197875212239095,0.76358086,-5.1819143
6209,2023,4309.010063492064,271467.634,13374.910250993948,4083640.0,63,15.04282458948663,3.4375311072873505,12.511601883137072,2.7752616835365926,-3.3506503,-2.4555776
6209,2024,7793.361129629629,420841.501,38039.27037121629,3531336.0,54,8.391130607605186,0.5502455847093726,12.950013935780717,2.2397656914677717,-2.7108228,-3.365447
6210,2018,1871.8152456140351,106693.469,3939.7583043319705,3347696.0,57,31.376765900906488,0.0,11.577724599020303,3.4774410637339113,-0.1230964,-5.71627
6210,2019,1922.3691379310346,111497.41,4419.8817142816515,4953894.0,58,44.43057466496818,0.04502563319972297,11.621765609690948,3.8161853291513164,0.2329483,-5.649356
6210,2020,18504.156639999997,1850415.6639999999,97883.25428883109,97234168.0,100,52.547203253650935,10.0,14.430921395479222,3.9805635687073115,-3.2921293,-2.4144242
6210,2021,2239.475012658228,176918.526,4773.78322034136,6341544.0,79,35.84443157730217,-0.9043898463237393,12.083450252801645,3.606704496696028,0.58937836,-4.102504
6210,2022,3323.245357142857,232627.175,8347.908034141334,6843441.0,70,29.41806347418603,0.31488307222274714,12.357196642427445,3.415036625179081,-0.57385623,-6.1074824
6210,2023,2793.8762676056335,198365.215,6236.348086678471,6060533.0,71,30.552398009749076,-0.14728270676029143,12.197870172033994,3.4516495927470117,0.054303296,-4.966438
6210,2024,1469.802243902439,120523.784,3573.151211351454,4555118.0,82,37.79434937059565,-0.3924147235189396,11.699610687112914,3.658274601244991,0.69637245,-4.309764
6211,2018,17348.33778761062,1960362.1700000002,87969.35303246936,44885629.0,113,22.896600274620226,0.0,14.488640304858803,3.1737362008954295,0.78757805,1.330509
6211,2019,22342.46808547009,2614068.7660000003,126080.15821307774,47220002.0,117,18.063794883344677,0.333462156128018,14.776418862175108,2.9477909803672135,0.48732448,1.6267654
6211,2020,31645.545139130434,3639237.691,205432.85626430166,74519723.0,115,20.47673972608884,0.39217366365181516,15.107285066913663,3.0669704762811953,0.5728984,1.4810416
6211,2021,30896.227247619045,3244103.8609999996,186025.9183820894,89111398.0,105,27.46872536087788,-0.10857598858606687,14.992350018294273,3.3488061289802658,0.6083953,1.2393602
6211,2022,18892.793467741936,2342706.39,92243.0883131948,76962304.0,124,32.85187778053875,-0.27785715551108847,14.666817822793774,3.5219944713954208,0.8782028,1.6668955
6211,2023,17761.213155737703,2166868.005,87216.260119419,72883455.0,122,33.63539211054361,-0.07505779885630492,14.588793828760545,3.544876052633051,1.1406405,1.5270426
6211,2024,19013.86728787879,2509830.4820000003,121756.61758810085,81901462.0,132,32.63226842902267,0.15827566617284594,14.735726170208649,3.515485976020405,1.2044606,1.8440559
6212,2018,3827.3069750000004,153092.279,7865.291316671532,8094608.0,40,52.87404467959566,0.0,11.938802681270019,3.9866488161014173,0.5329236,-6.041658
6212,2019,3546.258688888889,159581.641,8447.735832120945,8355373.0,45,52.35798396099738,0.042388564873346635,11.980317192418271,3.9770236190532375,0.46407348,-5.9618626
6212,2020,2993.654396226415,158663.683,8196.49338098686,5111624.0,53,32.21672347015784,-0.005752278233559505,11.974548342366456,3.503053468079282,-0.19523042,-5.5489635
6212,2021,1990.3739642857142,111460.942,5278.407942613197,4461673.0,56,40.02902649037338,-0.2975018612167222,11.62143848426261,3.7142797793964313,0.57624733,-4.941975
6212,2022,2339.8444,105292.99799999999,4758.311937604212,3517627.0,45,33.40798597041175,-0.0553372678296582,11.564511697447227,3.5382886877393083,0.023831459,-5.8036175
6212,2023,1979.469857142857,83137.734,4665.239837898811,3758406.0,42,45.2069814646956,-0.21041535924354626,11.328265985363291,3.83313090062558,0.81872326,-5.9449077
6212,2024,2618.126318181818,115197.558,5943.653261327085,4824088.0,44,41.876651586295985,0.38562301926583675,11.654412509804475,3.7583274257073622,-0.296187,-6.6167145
6213,2018,1723.3221000000003,51699.66300000001,6256.81208025839,2152647.0,30,41.63754413560417,0.0,10.853225884398821,3.7527351828800635,1.1547462,-6.5610347
6213,2019,1343.2611515151514,44327.617999999995,5995.664039546855,2228491.0,33,50.273195368849436,-0.14259367609417517,10.699385751976804,3.9371681081923118,1.1958055,-6.4796176
6213,2020,778.890447368421,29597.836999999996,3558.0231022662133,1518841.0,38,51.315945822280334,-0.3322935376315507,10.295490348999717,3.9573012160403223,1.4090573,-6.43726
6213,2021,558.7806097560975,22910.005,2872.3352173062244,1195553.0,41,52.184755086164984,-0.2259567819094347,10.039372641792252,3.9737717967511244,1.3240861,-6.604259
6213,2022,854.6359615384615,22220.535,3096.680191535709,936379.0,26,42.14025449692637,-0.030094711895523374,10.008817142715767,3.7644565402696726,1.3541815,-6.779101
6213,2023,653.5404,22873.914,2564.2153301849667,1068488.0,35,46.71207559638844,0.029404287520530037,10.037796130573813,3.8651845230124198,1.255913,-6.8630157
6213,2024,823.8655263157895,31306.89,2834.991225388716,899876.0,38,28.743704659621454,0.36867219138797136,10.351625421439573,3.392617501519539,0.14211199,-6.830951
6214,2018,5429.676819672131,331210.286,19935.909299636904,9765835.0,61,29.485301069334888,0.0,12.710511776999622,3.417244635293787,-0.5421152,-5.0850077
6214,2019,4864.240338983051,286990.18,18471.030494807816,10726736.0,59,37.376665640485065,-0.1335106663927702,12.567206762562213,3.6474496092777358,-0.2548403,-5.031461
6214,2020,3222.959345454545,177262.764,12875.670963103788,6932916.0,55,39.11095507887313,-0.38233857339648347,12.085394094411974,3.6916494909887025,0.30730113,-4.5618844
6214,2021,2352.843428571429,164699.04,11194.91818752743,6921343.0,70,42.024185447334574,-0.07087627269537544,12.01188115903152,3.761762409840169,0.27001163,-5.2058864
6214,2022,2534.0195862068967,146973.136,6523.558347524173,5882693.0,58,40.02563434422447,-0.10762603109283464,11.898011904702402,3.7141970992386844,0.17488931,-5.4127693
6214,2023,2295.489894736842,130842.924,5163.283731167483,6310474.0,57,48.22938686353242,-0.10974938984767935,11.781760472031097,3.8964907391634513,0.5004722,-5.497117
6214,2024,1058.514676056338,75154.542,2898.187027284446,6150682.0,71,81.84045616189319,-0.4256124847836632,11.22731513830368,4.416916543053666,0.8375358,-4.9383183
6215,2018,450.25525000000005,12607.147,861.6287650934657,861166.0,28,68.30776225038798,0.0,9.44209847129365,4.238556909308382,1.5857878,-7.2383747
6215,2019,326.85425,9151.919,741.9565784991198,716397.0,28,78.27833702655384,-0.2740689864249224,9.1218281237881,4.372964913850092,1.8432392,-7.1183777
6215,2020,243.75088,6093.772,424.9433022564422,476898.0,25,78.25990206422887,-0.3341536348824765,8.715186633504448,4.37273235213484,2.0102775,-7.263648
6215,2021,310.2707391304348,7136.227,682.2462349750017,385538.0,23,54.02546751189032,0.17106892085887027,8.873079604546252,4.00779612373064,1.4264385,-7.2889185
6215,2022,184.4979411764706,6272.93,456.3827635930003,532339.0,34,84.86289499725599,-0.12097387036595098,8.744158231531863,4.452751779875973,1.8610669,-7.3275285
6215,2023,314.89973333333336,9446.992,722.5933455754532,730318.0,30,77.30693536341441,0.5059935309337105,9.153557511136789,4.360636173319685,1.0859824,-7.3425283
6215,2024,255.685175,10227.407,687.4700292558731,715421.0,40,69.95135716512002,0.08260989318081347,9.232924128345218,4.26199453189555,1.4613461,-7.2561173
6216,2018,2446.7026865671646,163929.08000000002,5737.145118250455,2022339.0,67,12.336670223414071,0.0,12.00719527443356,2.5905174008903815,-1.505737,-4.493248
6216,2019,1775.5158983050846,104755.438,3697.5489429397626,1677910.0,59,16.01740236133596,-0.3609709881858668,11.559393296516282,2.8342364887789797,-0.9878065,-4.3595343
6216,2020,1252.2915223880598,83903.532,2862.5875646741433,1262609.0,67,15.048341468925905,-0.199053208101712,11.337434907682981,2.775605508967154,-1.0723786,-4.5112214
6216,2021,2773.080196969697,183023.293,9503.165531220193,1889833.0,66,10.3256419935012,1.181353855282278,12.117374171647118,2.427069357930261,-3.0018253,-2.9129205
6216,2022,3998.0594117647065,271868.04000000004,24207.40553639666,2358992.0,68,8.676974314418578,0.48542863339258147,12.513075758745718,2.2697492816035165,-2.7422907,-3.3945062
6216,2023,2027.3095540540542,150020.907,4705.59552435824,2719072.0,74,18.124620456946545,-0.4481848362904298,11.918536609081283,2.9509765341272614,-0.6852888,-4.1948066
6216,2024,1662.1869605263157,126326.209,4343.60700120125,1792245.0,76,14.187435957852678,-0.15794263928826935,11.746630716648818,2.7204685043249746,-1.164845,-4.3897386
6217,2018,385904.47993181815,33959594.234,2467084.6698260847,631968708.0,88,18.609430479215234,0.0,17.340682000431798,2.9760105974211544,-2.9274542,1.7998465
6217,2019,359230.6565176471,30534605.804,2258646.0463027973,547503743.0,85,17.930598040609375,-0.10085481017234688,17.234371247661098,2.9407795569361213,-2.9718976,1.8279572
6217,2020,287424.0323614458,23856194.686,1839810.8889784396,410645149.0,83,17.2133550385959,-0.21871614000417638,16.987554518753146,2.9021551183175016,-2.8752782,1.7524924
6217,2021,317495.59951851855,25717143.561,1982106.256712783,476854112.0,81,18.542265818476427,0.07800694534456065,17.062668430991646,2.9725795978488607,-2.9333625,1.8116918
6217,2022,276554.44536363636,24336791.191999998,1751912.2077845891,453073371.0,88,18.616808083923402,-0.05367440461363304,17.00749984521964,2.9763867540482183,-2.9690099,1.8495644
6217,2023,219769.72151612904,20438584.101,1414365.136107242,403214754.0,93,19.72811580329834,-0.16017752957840303,16.83293509883924,3.03149103004941,-2.7467606,1.6612717
6217,2024,221773.7205340909,19516087.407,1365613.010897773,387199247.0,88,19.840003732566814,-0.04513505874190493,16.78674972988301,3.036874395991043,-2.872006,1.7924511
8517,2018,215087.60498765434,34844192.008,1273666.8763031359,14260946515.0,162,409.2775780745718,0.0,17.366397053108884,6.016833950317984,7.2411523,-0.46238697
8517,2019,160707.50132022472,28605935.235,1052440.178650645,17849905209.0,178,623.9930651580173,-0.1790329008509578,17.16912481491668,6.437740553927671,7.4304857,-0.54753405
8517,2020,118372.2609787234,22253985.064,684367.8215265146,17936488496.0,188,805.9899584014206,-0.2220500787273072,16.918031699475087,6.693311225071616,7.501583,-0.51250875
8517,2021,122040.51258241758,22211373.29,636058.6759570983,21992091354.0,182,990.127493102837,-0.0019147929630335403,16.916115071038696,6.898843177016653,7.431391,-0.42633206
8517,2022,87800.19259428572,15365033.704,343496.8901665352,8259012983.0,175,537.5200043231524,-0.30823576267039543,16.547605012183936,6.288824644138874,7.431719,-0.47295624
8517,2023,62653.59717318435,11214993.894,251424.97612905558,7221049845.0,179,643.874612260164,-0.2700963688039041,16.23276227065324,6.469055898301077,7.5013113,-0.5576946
8517,2024,64936.06654216867,10779387.046,265186.0093214739,7462167173.0,166,692.2626621676377,-0.03884146992117832,16.19314635430132,6.5414089492661756,7.1527905,-0.46745604
8523,2018,48418.75353284672,6633369.234,287150.26674434956,2597497551.0,137,391.58042608059174,0.0,15.707623563925711,5.972741423443546,6.2795467,-0.51213574
8523,2019,55253.065147887326,7845935.251,292575.8631879249,5224270409.0,142,665.8569363459221,0.18279790770350468,15.875506280686764,6.502575534672734,6.7316775,-0.3724885
8523,2020,97366.27200704224,13826010.624999998,548715.1029352457,10698752633.0,142,773.8134247961514,0.7621877039117562,16.44206227629417,6.652622258171778,6.81413,-0.4117894
8523,2021,98723.84976923077,15400920.564000001,541927.1665055852,13704254290.0,156,889.8334507375561,0.11390920936747095,16.54993790741159,6.792157486022539,7.1338844,-0.4551239
8523,2022,123076.43624203821,19323000.49,668126.2082514849,14294771754.0,157,739.780126869896,0.2546652915779559,16.776806731307314,6.607703856392616,6.987288,-0.3864455
8523,2023,126307.54299375,20209206.879,741613.9922911187,5971274984.0,160,295.47299999212925,0.04586277319915344,16.82164889410401,5.691956151870197,7.1307955,-0.5203595
8523,2024,114305.71092682927,18746136.592,635636.6196125618,11479747152.0,164,612.3793612438749,-0.07239622493648279,16.746498294067457,6.418983604625466,7.264255,-0.36506993
8525,2018,24910.004684615382,3238300.6089999997,109484.55743649116,794218074.0,130,245.25767366761312,0.0,14.990559555577324,5.5063784416686525,5.798961,-0.631588
8525,2019,23011.53286764706,3129568.47,99984.28671429693,688156339.0,136,219.88857109101056,-0.03357691336554958,14.956406003534767,5.397658371156476,5.723213,-0.46112204
8525,2020,21443.97283211679,2937824.278,106277.59408371248,685941047.0,137,233.48607067361385,-0.061268572276995226,14.893180164240283,5.457396186009556,5.834825,-0.5297092
8525,2021,29881.185072463766,4123603.5399999996,149630.480657191,3451547519.0,138,837.0221544137979,0.4036249788252311,15.232238227183487,6.731044537380594,6.722262,-0.3853979
8525,2022,22551.866551181105,2864087.052,99241.54953636669,2731226408.0,127,953.6115203243643,-0.3054407330341945,14.867760551003482,6.861304472720602,6.5229096,-0.43174776
8525,2023,28888.70254166667,3466644.305,130452.46155270288,841218544.0,120,242.6607606631155,0.21038370763878578,15.058697913405275,5.495776932743253,5.3322973,-0.78094614
8525,2024,22840.609141791047,3060641.625,118137.42893872963,731304918.0,134,238.93843435516928,-0.11711691315270378,14.93413546004987,5.480382366914077,5.729838,-0.55844975
8526,2018,26628.54546788991,2902511.4560000002,99979.77203506109,558327172.0,109,192.36002353949283,0.0,14.881087284017843,5.264553858134426,4.8391876,-0.85506773
8526,2019,32998.03140206185,3200809.046,125489.44902606613,508890943.0,97,158.98822319181895,0.10277223519079182,14.978914475110589,5.075100207473711,4.4338713,-0.98846626
8526,2020,24321.84160952381,2553793.369,88035.32161677592,391544005.0,105,153.3185925504871,-0.20214129231125655,14.7530907990208,5.03901924822467,4.6195927,-0.9309083
8526,2021,22722.502550458714,2476752.778,71904.5929810531,344742542.0,109,139.19134160747507,-0.030167119993019353,14.722459300220203,4.943008215257437,4.7128906,-0.886397
8526,2022,27962.814728070174,3187760.8789999997,93849.99791729456,407758131.0,114,127.91365051439674,0.2870726974914892,14.974829623191672,4.8591428043722384,4.8329854,-0.74673045
8526,2023,25578.22796190476,2685713.9359999998,81107.03180066147,364037382.0,105,135.54585137315402,-0.15749203345437002,14.803457520872495,4.916660465716356,4.5186644,-1.0249602
8526,2024,24460.26586238532,2666168.979,80792.43170250097,388858824.0,109,145.84927927025223,-0.007277378553990577,14.796153535752849,4.989406749701038,4.6953063,-0.904007
8527,2018,41066.13481481482,3326356.92,128333.37996443834,337426956.0,81,101.44039383479587,0.0,15.017388545693219,4.629281105865089,3.3512144,-1.241679
8527,2019,42721.788780487805,3503186.68,189872.14226630417,366909617.0,82,104.7359591467433,0.05316018823379909,15.069183877678487,4.660945035085068,3.4905431,-1.1735387
8527,2020,47287.51709836066,2884538.543,227221.28757542124,296946301.0,61,102.94412661619862,-0.17659582360595183,14.874875841373468,4.643853510699052,3.2013648,-1.3307291
8527,2021,35393.373012820506,2760683.0949999997,214264.48761691718,342556900.0,78,124.08410824853331,-0.04293769909941547,14.830989067488238,4.828986377017744,3.4239867,-1.1487589
8527,2022,40072.103546666665,3005407.766,283502.3752879815,458565806.0,75,152.5802292745681,0.0886464192298031,14.91592414531936,5.0342230967686366,3.3689363,-1.2014081
8527,2023,31836.323608695657,2196706.3290000004,215020.0276412903,421411215.0,69,191.83775702583145,-0.26908210132042343,14.6024701285649,5.2618491981994575,3.225317,-1.3042238
8527,2024,27834.100369863016,2031889.327,188426.65737251003,422767966.0,73,208.06643372845076,-0.07502914696614427,14.524477113290848,5.34265206618595,3.4014843,-1.1259586
8528,2018,327355.34277333337,49103301.416,1226811.573789253,1696569662.0,150,34.55103044145111,0.0,17.709436849484636,3.570969141524,-8.649555,8.954302
8528,2019,257012.52757333333,38551879.136,930971.2222001652,1367790424.0,150,35.479215401531825,-0.21488213573684245,17.467515428146196,3.5967426573413905,-8.399428,9.293226
8528,2020,174372.5737724138,25284023.197,572642.5183279272,846526438.0,145,33.48068586254139,-0.3441558812786998,17.045683299582254,3.5403993372026856,-8.273388,9.397376
8528,2021,117370.7325763889,16901385.491,511336.12836751924,746854517.0,144,44.18895228427613,-0.33153891849753625,16.642906217415707,3.8108526384736523,-8.203136,9.467484
8528,2022,117141.43532653061,17219790.993,626521.3918231003,870406465.0,147,50.54686583325997,0.018839017793514712,16.661569977506467,3.9424914100358044,-8.205671,9.812751
8528,2023,112613.02598540146,15427984.56,575682.1678535335,836370877.0,137,54.211285586089915,-0.10405506278957655,16.551693662349226,4.011167381409564,-8.094814,9.677296
8528,2024,99365.40601273885,15600368.743999999,579994.6763507621,829675038.0,157,53.18304019698542,0.011173473977083015,16.56280517347735,3.9923679479838494,-7.9707165,10.002273
8536,2018,372324.829372549,56965698.894,1628731.208183146,2893231469.0,153,50.78901031976426,0.0,17.857959888425253,3.947177970768065,-8.729273,8.774651
8536,2019,367459.3743758389,54751446.782,1565997.1418036707,2926226817.0,149,53.44565283637342,-0.03886991917926286,17.81831436981811,3.997203008475946,-8.803697,8.715294
8536,2020,362926.45470198675,54801894.66,1591871.0222601728,2915065997.0,151,53.19279588936656,0.0009213980810565126,17.81923534365571,3.9925479824409718,-8.797698,8.698106
8536,2021,415212.00679333333,62281801.019,1725738.0576868274,3347882236.0,150,53.75378009667101,0.13648992257305292,17.947179838663704,4.002846409174833,-8.754492,8.694258
8536,2022,423193.5505870968,65595000.341,1702249.4659479652,3313875435.0,155,50.52024419197418,0.05319690933454635,17.9990100519409,3.941974821535917,-8.864831,8.625282
8536,2023,415668.0311324503,62765872.701,1531150.984166818,3063702442.0,151,48.81159633666879,-0.043130232872819474,17.954922071331936,3.9082478150893927,-8.730957,8.835064
8536,2024,410077.6159575758,67662806.633,1593499.7777799824,3369227908.0,165,49.79438595082953,0.07801905273153298,18.03004721665749,3.927785835698503,-8.738156,8.754542
8543,2018,86833.41754193549,13459179.719,412563.4647337941,1178870482.0,155,87.58858315382544,0.0,16.415172012497724,4.484002990999122,-7.7603927,10.445179
8543,2019,103393.22152564103,16129342.558,465770.09899506584,1288113154.0,156,79.86147912526219,0.19838971577373288,16.596150752311065,4.392737556467559,-7.851353,10.38717
8543,2020,95306.53356969697,15725578.039,411885.8495162074,1363094146.0,165,86.68006623472859,-0.02503291857979273,16.570799182702725,4.473694578613752,-7.738226,10.3022785
8543,2021,117032.9900121212,19310443.351999998,569053.7853132656,1448427949.0,165,75.00749323033592,0.22796397716569805,16.77615666563657,4.330831930562149,-7.891611,10.393558
8543,2022,127644.70254037267,20550797.109,558067.0373997363,1575881219.0,161,76.68224306052747,0.0642322775500408,16.83841033557329,4.352626699216633,-7.8425913,10.277345
8543,2023,134986.60334355826,22002816.345,706800.2922111392,1491361876.0,163,67.78049921499412,0.07065512974015498,16.906681064259825,4.230920263119597,-7.968977,10.264714
8543,2024,133165.22305882353,22638087.919999998,971085.7421491722,1688619097.0,170,74.59194888575756,0.028872284576622498,16.935144396075614,4.325349781294224,-7.925074,10.357908
8544,2018,2168068.1122727273,333882489.29,6466348.507531318,3262051591.0,154,9.770058914849749,0.0,19.62629966355683,2.376769961427221,-2.1516159,16.01797
8544,2019,1973975.9856933332,296096397.854,6097528.231683877,2925861458.0,150,9.881449011894707,-0.11317182735863762,19.50619563107284,2.387059413800285,-2.1135132,15.972878
8544,2020,1958673.127836478,311429027.326,6887336.401334765,2909952888.0,159,9.343871741775338,0.05178255994711645,19.556682031792853,2.336394242105691,-2.0247557,16.162394
8544,2021,2039984.4050849671,312117613.978,7675885.428505349,3308990277.0,153,10.60174155128979,0.0022110548201379476,19.558890645821343,2.4511552205752567,-2.218742,16.417349
8544,2022,2074687.150808642,336099318.431,8307246.018243412,3719203597.0,162,11.065787382022103,0.07683547284419001,19.63291726779296,2.4903739586153533,-2.3380184,16.49694
8544,2023,2065907.9609695121,338808905.599,9421147.027568225,3861704794.0,164,11.39788456024394,0.008061864512695305,19.64094680905956,2.517525858076832,-2.2507117,16.804184
8544,2024,2300499.640425926,372680941.749,9204896.410632893,4291830056.0,162,11.516097485045341,0.09997386606504843,19.736233230190717,2.5270156146102227,-2.315319,16.716253
